Intra_Fair4,Inter_Fair3,Customer_Care,lam1,lam2,lam3
0.3052025005854272,1.9133700833180316,1.2082247231950731,0.0,0.0,1.0
0.27752495088092377,0.00015889282742010988,1.2102010399752638,0.0,0.0,1.0
0.2170710245152666,6.4400396276162954,1.0282024970156447,0.0,0.0,1.0
0.19492386519255178,0.11527448460045507,1.259377456530132,0.0,0.0,1.0
0.24846443682812008,8.099470882402478,0.7530089658564616,0.0,0.0,1.0
0.32379049317308517,10.463606413944966,1.124394428428384,0.0,0.0,1.0
0.2823432051167892,3.0926937252598643,1.2452400208648056,0.0,0.0,1.0
0.35476085292232346,4.458986079493821,1.3670285930761887,0.0,0.0,1.0
0.2610199116179973,3.989418011621863,1.3705996575661101,0.0,0.0,1.0
0.24090026876409318,0.2091150205133518,0.8536802040784902,0.0,0.0,1.0
0.16831434457064537,0.03779114612901942,0.7405265893971621,0.0,0.1,0.9
0.2674507841853332,0.05508868703228195,1.569819006871699,0.0,0.1,0.9
0.2151897423200093,0.0012751787467026863,1.629670358864576,0.0,0.1,0.9
0.30031704623641037,0.6537982430743359,1.3634211747070812,0.0,0.1,0.9
0.25574243163291244,2.031339066800395,1.277493844043488,0.0,0.1,0.9
0.18291625478311258,0.8737531988725694,1.0174934577207855,0.0,0.1,0.9
0.19615883629699465,1.8888533533465375,1.3820970539186495,0.0,0.1,0.9
0.29936033548749025,0.21949100926114268,1.1173767788896223,0.0,0.1,0.9
0.22842652602960722,1.3662221692504248,1.0367809232081604,0.0,0.1,0.9
0.19320152808529847,0.29967284472879113,0.2525101609142427,0.0,0.1,0.9
0.20212874763168623,0.03278168280890936,1.4135900183087706,0.0,0.2,0.8
0.19821221499397096,0.022529644697665302,0.6802693657564239,0.0,0.2,0.8
0.1917891330857691,0.0019657281772024904,0.9018427437645268,0.0,0.2,0.8
0.18931063297568573,0.02713495877592835,1.2403715019789685,0.0,0.2,0.8
0.32164731424283294,0.03969288298859535,1.241316177804348,0.0,0.2,0.8
0.2311609367019529,0.49318955983468465,1.1682166344944933,0.0,0.2,0.8
0.22704798883375915,0.4099884444326638,0.9734499472981496,0.0,0.2,0.8
0.19366562386535122,0.01640291397550585,1.3322908788763894,0.0,0.2,0.8
0.1168290911895619,0.009306306016471342,1.2543159728523805,0.0,0.2,0.8
0.2374643263892353,0.0004842891454167251,1.3924365860665449,0.0,0.2,0.8
0.3446856345676714,0.040987088109279375,1.8296195408483287,0.0,0.3,0.7
0.21450554378016334,0.05707892531268376,1.8190607624796933,0.0,0.3,0.7
0.30738557389226234,0.018161909530778286,1.4050940156810692,0.0,0.3,0.7
0.1260639175010536,0.015707792026210216,0.6461649133359861,0.0,0.3,0.7
0.17780064120290193,0.0014310575961805775,1.0768469405244234,0.0,0.3,0.7
0.14151269692374965,0.008063097126418478,1.0709234298707284,0.0,0.3,0.7
0.21394470396592888,0.04238725035847355,0.5475471309175025,0.0,0.3,0.7
0.20889292275667326,0.018596441029982883,1.6670059380625972,0.0,0.3,0.7
0.261291118329754,0.01045427965234263,0.9966669358701874,0.0,0.3,0.7
0.2341388230287972,0.007628369595431907,1.4672484019222782,0.0,0.3,0.7
0.17315168664187672,0.07957343127326323,1.7410428325021396,0.0,0.4,0.6
0.18328259564863864,0.012486777825181346,1.2481063655992328,0.0,0.4,0.6
0.28068048632354814,0.10241257579278792,1.6871284497533698,0.0,0.4,0.6
0.20706465754852246,0.032068672937138894,1.8207593369716604,0.0,0.4,0.6
0.13604272343353255,0.11113296754886672,0.9742226231768654,0.0,0.4,0.6
0.25855216288531224,0.0024654063855762518,1.876350137444455,0.0,0.4,0.6
0.2505172259377843,0.0027358566385688936,1.993328260779362,0.0,0.4,0.6
0.19070369513862556,0.01884140897116738,0.5777385274860133,0.0,0.4,0.6
0.15751201990873864,0.018148425965466366,1.0981253720792246,0.0,0.4,0.6
0.19254571384198585,0.05447938950789174,1.4807612676365174,0.0,0.4,0.6
0.2235480029047278,0.018211198611269557,1.4618210522535506,0.0,0.5,0.5
0.1817846700586354,0.0051576005022713365,1.1942620423706038,0.0,0.5,0.5
0.13629709993629224,0.03551665925930282,1.7080526954966957,0.0,0.5,0.5
0.24956313535989083,0.01912341004521982,0.9222603692927714,0.0,0.5,0.5
0.21551276929418223,0.012891028628052012,1.92110760858026,0.0,0.5,0.5
0.15708133978123331,0.002216560395909643,1.7019675046170946,0.0,0.5,0.5
0.1717248845595279,0.07899197449016405,1.4406052924537456,0.0,0.5,0.5
0.19684553144275765,0.00359832081596126,1.1391486094323557,0.0,0.5,0.5
0.17610087059050045,0.010115661067723275,1.8509194800990487,0.0,0.5,0.5
0.1959818708090678,0.07817831056942391,1.679335770970066,0.0,0.5,0.5
0.27716456461719813,0.011182305431238318,0.9278926469391547,0.0,0.6,0.4
0.19578003667976548,0.0098246726136802,1.3696810380425315,0.0,0.6,0.4
0.2868720014855182,3.204046277729001e-5,1.7055125518480432,0.0,0.6,0.4
0.14924551136831346,0.009839990199665803,0.9854434708862564,0.0,0.6,0.4
0.16441066347732264,9.397684178223663e-6,1.5377163068358768,0.0,0.6,0.4
0.20653345241985321,0.00823618978646354,1.2466346362741167,0.0,0.6,0.4
0.1682233960626848,0.0009302269022790032,1.4562284087199557,0.0,0.6,0.4
0.22653342150551722,0.008937405966120415,1.044333690169202,0.0,0.6,0.4
0.20613428255891258,0.00016471207843322036,1.7247514534129413,0.0,0.6,0.4
0.18243596788184555,0.00037282365202104354,0.5010594990314384,0.0,0.6,0.4
0.16201833436890925,0.0007474074428356904,0.8875538023198335,0.0,0.7,0.30000000000000004
0.24787472432428828,1.941536036253528e-6,1.0381481878911143,0.0,0.7,0.30000000000000004
0.23819314302540437,0.00020511726586981084,1.4817809829089703,0.0,0.7,0.30000000000000004
0.24938917695301274,0.005673117244115682,1.5215090926157773,0.0,0.7,0.30000000000000004
0.29641550789988247,1.1511700491264922e-5,1.2969583872182076,0.0,0.7,0.30000000000000004
0.11034572717465618,0.1553005976100068,1.465238541802274,0.0,0.7,0.30000000000000004
0.1860029397954721,0.1439266063600733,1.2773964928334487,0.0,0.7,0.30000000000000004
0.10374601168835891,0.06521683098858827,1.650823466626912,0.0,0.7,0.30000000000000004
0.18740121778826938,0.002710449661557548,1.6207425362226273,0.0,0.7,0.30000000000000004
0.1680302420061194,0.023991960283388073,0.8819370598878774,0.0,0.7,0.30000000000000004
0.1604030669501185,4.2861285786188563e-7,1.6733192965735657,0.0,0.8,0.19999999999999996
0.21388599085375834,0.03606339138304056,1.686127107190531,0.0,0.8,0.19999999999999996
0.13994682744378314,7.117911483187095e-6,0.9861619535132081,0.0,0.8,0.19999999999999996
0.28868768164685454,0.06713710766928781,1.3532317859303844,0.0,0.8,0.19999999999999996
0.33118534405597594,0.04146109580299764,1.3902325643132698,0.0,0.8,0.19999999999999996
0.2933094577877032,6.296752625701103e-5,1.823705761323183,0.0,0.8,0.19999999999999996
0.17590935088469464,0.003104704797067656,1.8809345865993512,0.0,0.8,0.19999999999999996
0.18339104428452913,0.002027858684468243,1.3231502411581484,0.0,0.8,0.19999999999999996
0.23125792977084622,0.04140358149002066,1.3797841996120686,0.0,0.8,0.19999999999999996
0.2772211813145597,9.786703006119905e-6,1.3168001149991317,0.0,0.8,0.19999999999999996
0.16155254370231453,0.0028146801894369518,1.362656291374408,0.0,0.9,0.09999999999999998
0.32207716228601024,7.356122259737303e-5,1.0762056772007578,0.0,0.9,0.09999999999999998
0.16582155464877416,0.020620029341192298,1.2306484819266477,0.0,0.9,0.09999999999999998
0.16283701694077923,0.03565586694154435,1.4733796295921304,0.0,0.9,0.09999999999999998
0.21013077926961968,0.00214862282536639,1.1089317454311725,0.0,0.9,0.09999999999999998
0.2524881203670379,0.00013879014551848804,1.0772665862385802,0.0,0.9,0.09999999999999998
0.16975841827615723,0.004348132052743566,1.8409781886401162,0.0,0.9,0.09999999999999998
0.2768523387961213,9.507244627955927e-5,1.2790259786720486,0.0,0.9,0.09999999999999998
0.22236319857540376,1.619468418480849e-6,1.2684946673583946,0.0,0.9,0.09999999999999998
0.2882549152496166,0.08863853874373051,1.7967791831235047,0.0,0.9,0.09999999999999998
0.1305621245307889,0.0018987405700083093,2.519960435522219,0.0,1.0,0.0
0.18533073976933576,0.0031994806731411177,2.614419066090723,0.0,1.0,0.0
0.20865616685394686,0.006132344333127451,2.86998558033004,0.0,1.0,0.0
0.1539927531952057,0.0023930415624588493,2.754890478217355,0.0,1.0,0.0
0.14130033776520295,0.00230825399862582,2.6925073046935535,0.0,1.0,0.0
0.1543211013813647,0.0026397396179949537,3.048894716364055,0.0,1.0,0.0
0.12062850921122387,7.175789381210782e-5,3.3904054547051437,0.0,1.0,0.0
0.11588845564269203,0.0009561045254044875,3.5718493021939834,0.0,1.0,0.0
0.10564595108662767,0.00036011981094619485,2.637147064220992,0.0,1.0,0.0
0.15551495862542666,0.009004759374137625,2.6472071477488353,0.0,1.0,0.0
0.24642675416210694,0.02089459757580075,0.7681164163975536,0.1,0.0,0.9
0.14622052123065177,0.00672812706569647,1.3632251127361652,0.1,0.0,0.9
0.2096673379882124,0.036927658657236136,0.9866941173130211,0.1,0.0,0.9
0.22083129099011387,0.0069753116787282955,1.2562652466493371,0.1,0.0,0.9
0.10569405639524253,1.7566491861491877,0.9767441455002797,0.1,0.0,0.9
0.28405106768421545,0.38449984748986293,0.9525154700439974,0.1,0.0,0.9
0.10814416266421716,0.6146271124705588,1.5270201986588732,0.1,0.0,0.9
0.21144328368621068,0.18480855613574387,1.1529398961982928,0.1,0.0,0.9
0.11210207826728735,0.569467460894274,1.0636511668056072,0.1,0.0,0.9
0.24670375913102988,6.633130924865511,0.622649338710952,0.1,0.0,0.9
0.140519576439545,0.3529712312481691,1.118159354712678,0.1,0.1,0.8
0.13312486506822696,0.04085368282755864,1.0293044532875844,0.1,0.1,0.8
0.11489864017878787,0.05709925114067739,1.41051621874262,0.1,0.1,0.8
0.1537443083947734,0.5410526156230809,0.8998478245555014,0.1,0.1,0.8
0.23399958425855225,0.06694515634617956,1.0709634142760935,0.1,0.1,0.8
0.21715689426677812,0.2049704860040686,0.8348107192893572,0.1,0.1,0.8
0.28575377442247196,0.0013279016647508622,1.5028199293237097,0.1,0.1,0.8
0.1577694395179012,0.005336059228261771,1.1008308315972797,0.1,0.1,0.8
0.16044232386936075,0.0024932389827277877,0.9056242539626558,0.1,0.1,0.8
0.2501275807393488,0.001999349358077058,0.7362589455903149,0.1,0.1,0.8
0.11299536528601183,0.005129537628029238,1.3621357674776906,0.1,0.2,0.7
0.09192056411286967,0.7030175711661938,1.0819283473641212,0.1,0.2,0.7
0.12984438503463389,0.08339430130980616,1.4853185985173427,0.1,0.2,0.7
0.17632159151994672,0.05298879986658981,2.001895387803632,0.1,0.2,0.7
0.11585477580546677,0.015131142983408286,0.9226229647995962,0.1,0.2,0.7
0.19125115243475818,0.0020406174458815914,1.2180745569078368,0.1,0.2,0.7
0.14283017360423744,0.27647770793429655,1.4574029574092477,0.1,0.2,0.7
0.24942023481606596,0.0077572102461863955,0.8339217892462973,0.1,0.2,0.7
0.13751297740670396,0.06543709434660448,1.460843462204749,0.1,0.2,0.7
0.1316438591691776,0.04175317642940386,0.7703719528204808,0.1,0.2,0.7
0.22037911668474144,0.012689910326447531,1.6029457792274093,0.1,0.3,0.6000000000000001
0.1564612066009109,0.011315211131249397,1.3893123081064283,0.1,0.3,0.6000000000000001
0.2173826971537658,0.03349554057594025,0.9971956391201333,0.1,0.3,0.6000000000000001
0.17928765663438614,0.04934625002206298,2.0800376310990742,0.1,0.3,0.6000000000000001
0.14981567197531565,0.0026579592133350797,1.5942953298049136,0.1,0.3,0.6000000000000001
0.12720574699111004,0.09362400496165996,1.435592402457006,0.1,0.3,0.6000000000000001
0.1332466208740919,0.09481205247407858,1.1624041489006722,0.1,0.3,0.6000000000000001
0.1618624728966923,0.07638240469166192,1.109397212885827,0.1,0.3,0.6000000000000001
0.19154724272779794,0.00022901291617112243,1.2435695461681102,0.1,0.3,0.6000000000000001
0.17503573239411727,0.004412534739430734,1.895446217747938,0.1,0.3,0.6000000000000001
0.182922898249962,0.00430283098099997,1.3512008776348816,0.1,0.4,0.5
0.16162500850004843,7.110540079706113e-5,1.616094192994932,0.1,0.4,0.5
0.11738879347729961,0.03136783249629164,1.546241207637664,0.1,0.4,0.5
0.14704300723980002,0.0286116596616984,1.3907306958388788,0.1,0.4,0.5
0.1478378793671908,0.006822867871483569,1.4053963117510646,0.1,0.4,0.5
0.1243777266372063,0.0014198611217681523,1.5803125124761723,0.1,0.4,0.5
0.13320456414570755,0.0035383596214565013,1.3721362546741083,0.1,0.4,0.5
0.1639497219279699,0.011031403723244243,1.545378848246661,0.1,0.4,0.5
0.18921435490267294,0.003673485076683483,1.020562704806347,0.1,0.4,0.5
0.157786813776051,0.01299799423237762,1.5815623623126855,0.1,0.4,0.5
0.12284413336154756,0.0034973496321787922,1.3720624614025951,0.1,0.5,0.4
0.23531240165731243,0.006272685071729516,0.8574625713445536,0.1,0.5,0.4
0.13520313796873093,0.0011553951429871428,1.2886396184184195,0.1,0.5,0.4
0.12905520961382025,0.005302703239610202,1.274495460008936,0.1,0.5,0.4
0.13340581937778365,3.801791399331989e-5,1.464291738229647,0.1,0.5,0.4
0.1404680938230962,3.149914176944055e-6,0.5940926473504684,0.1,0.5,0.4
0.14326418704661228,0.0009657536642843904,1.422762254205384,0.1,0.5,0.4
0.14777013930812066,2.2045906306887648e-5,1.5846615362627543,0.1,0.5,0.4
0.10906836008740546,0.00742545706873344,1.2946154225834234,0.1,0.5,0.4
0.1407468684940226,0.0018467901703350272,0.8763529215987912,0.1,0.5,0.4
0.15130415633099892,0.005323627925403884,1.788760315711428,0.1,0.6,0.30000000000000004
0.12455945898707042,0.006914009869016442,1.4609776718900698,0.1,0.6,0.30000000000000004
0.12068710989972525,0.00033911125360208954,1.3945324886292547,0.1,0.6,0.30000000000000004
0.1401769431676203,0.0039793053926362315,2.136696883618749,0.1,0.6,0.30000000000000004
0.13556708907771936,0.0013605925736226022,1.323297685828464,0.1,0.6,0.30000000000000004
0.15294025977438244,0.0001163240348223233,1.683485760479218,0.1,0.6,0.30000000000000004
0.194615626526366,3.934871735604054e-5,1.9966757071106045,0.1,0.6,0.30000000000000004
0.17128254320148803,2.711547504748275e-5,1.2410226925548724,0.1,0.6,0.30000000000000004
0.11463303760055661,0.001905588375434547,1.282665276713513,0.1,0.6,0.30000000000000004
0.16638456583789882,0.0011311885461526563,1.2306011039066236,0.1,0.6,0.30000000000000004
0.11840071686366893,0.0004406758102143978,1.1672602193620174,0.1,0.7,0.20000000000000007
0.12494668568263671,0.0019413703438990431,1.4171201213231337,0.1,0.7,0.20000000000000007
0.17649895164663376,0.0003950062920488121,1.3200766654986158,0.1,0.7,0.20000000000000007
0.11877596948986048,0.0015148595938380342,1.5456387442108916,0.1,0.7,0.20000000000000007
0.13781222592060377,0.00032838084146740294,1.8326473563244765,0.1,0.7,0.20000000000000007
0.14181562167910736,0.0014593404271864446,1.6293207623320525,0.1,0.7,0.20000000000000007
0.11940528093168215,0.000501225621794408,1.27601043588203,0.1,0.7,0.20000000000000007
0.12542654195680356,0.0022221876744595607,0.7815988322753777,0.1,0.7,0.20000000000000007
0.10193468929805595,0.003999178493679187,1.5740098533576832,0.1,0.7,0.20000000000000007
0.10636166838564666,0.007648141368375165,1.5377609048348473,0.1,0.7,0.20000000000000007
0.11741662524311698,0.0007594287563804658,1.8051841971863871,0.1,0.8,0.09999999999999998
0.10039881699742548,0.0047887500767141945,2.4066980037772314,0.1,0.8,0.09999999999999998
0.10835907520605043,0.0010767837206869376,1.5990826881933315,0.1,0.8,0.09999999999999998
0.12190862560668528,0.0011489369345412473,1.6041209462586492,0.1,0.8,0.09999999999999998
0.1140845648176877,0.0002926497414451126,1.808341707562731,0.1,0.8,0.09999999999999998
0.10954263167718711,0.0012807612967232062,1.3627406746752744,0.1,0.8,0.09999999999999998
0.11063019567773798,0.0009696443022391858,1.7284016808919773,0.1,0.8,0.09999999999999998
0.11865175315470787,3.147470464283907e-5,1.4836557891890607,0.1,0.8,0.09999999999999998
0.1108453371932734,0.00036669945407114446,1.3371617357627605,0.1,0.8,0.09999999999999998
0.10522336844247508,0.001344796161190114,2.110605690159815,0.1,0.8,0.09999999999999998
0.09774147749313147,0.0004728153125789765,2.2864039809097685,0.1,0.9,0.0
0.10381432682532236,0.0008767059503819301,2.4538508702678077,0.1,0.9,0.0
0.11637062789440698,0.0003093702862491806,2.744725009753716,0.1,0.9,0.0
0.10933321046781166,0.0003354269341550704,2.651112945115639,0.1,0.9,0.0
0.1050613002761303,0.0006215881716612305,2.4637744879044217,0.1,0.9,0.0
0.09774077593551703,0.0004725939142549569,2.236480915470727,0.1,0.9,0.0
0.10164462369800681,0.0005923641700719045,2.3875957644842645,0.1,0.9,0.0
0.09978775559393853,0.0005626187247477656,2.427229394787721,0.1,0.9,0.0
0.0981096335171134,0.000489804922392618,2.2481725926682525,0.1,0.9,0.0
0.0977402304136224,0.00047250168617167174,2.2731051642208384,0.1,0.9,0.0
0.10162509831995356,3.0145828486686876,1.6333519060766903,0.2,0.0,0.8
0.1689478909523456,0.014816421703455864,0.8722091160909263,0.2,0.0,0.8
0.08721626780047394,1.1381720909618231,1.2405203237311648,0.2,0.0,0.8
0.1971884599462325,0.015668561083973846,1.0036238421052703,0.2,0.0,0.8
0.19831590004289268,3.3161049347254443,1.2545940959933528,0.2,0.0,0.8
0.20581475519686399,0.33723854285278754,1.054252258089532,0.2,0.0,0.8
0.15466106798507212,3.82928153076332,0.7552863531870014,0.2,0.0,0.8
0.07810353889664975,0.782509133816304,1.169252665514642,0.2,0.0,0.8
0.11389352955484103,3.4329410005851355,1.414960446634253,0.2,0.0,0.8
0.03512695607403484,1.0321707550161723,1.2875031719146803,0.2,0.0,0.8
0.03411639302654453,1.0217790414331187,1.5159575538833299,0.2,0.1,0.7000000000000001
0.1287515160938191,0.021414902499896193,1.2996350265066154,0.2,0.1,0.7000000000000001
0.10530983297163438,0.4438648207378516,2.2470616736391675,0.2,0.1,0.7000000000000001
0.12160459900062946,0.00305785079110114,1.1959998197214061,0.2,0.1,0.7000000000000001
0.09753192829092056,0.321015824819987,1.1978163272952103,0.2,0.1,0.7000000000000001
0.16634311881128885,7.534805750422292e-5,1.0554914925821715,0.2,0.1,0.7000000000000001
0.11644885055178354,0.21324657226731009,1.1416872552317145,0.2,0.1,0.7000000000000001
0.14841258031716378,0.0002796977459625694,1.0916242819354889,0.2,0.1,0.7000000000000001
0.1195119662573749,0.039079341751730244,1.1515200200873312,0.2,0.1,0.7000000000000001
0.10223568782708635,0.22370446307784908,1.2865846212590955,0.2,0.1,0.7000000000000001
0.12338484082978464,0.1510159433786657,1.8152835693237952,0.2,0.2,0.6000000000000001
0.12321373779440749,0.10773243028325086,1.0919305671695252,0.2,0.2,0.6000000000000001
0.10468317094351301,0.0404083907155677,1.3738325885652014,0.2,0.2,0.6000000000000001
0.11724311674332762,0.018879136555220024,1.7781133252073762,0.2,0.2,0.6000000000000001
0.07519764183075896,0.19268789348061482,1.125129469087689,0.2,0.2,0.6000000000000001
0.12792947381357328,0.003577868494180945,1.7465025289941747,0.2,0.2,0.6000000000000001
0.10886748310329275,0.015583786271442045,1.2017306254551134,0.2,0.2,0.6000000000000001
0.10876864726230488,0.13062027087894146,1.0288096881900344,0.2,0.2,0.6000000000000001
0.14410925975387073,0.06738298179855057,1.8291800699973768,0.2,0.2,0.6000000000000001
0.13892953824471993,0.01888839558484677,1.2453164734994129,0.2,0.2,0.6000000000000001
0.12081369078576457,0.015214387255380173,1.5589832994478539,0.2,0.3,0.5
0.12365931033810966,0.03160276958268766,1.3407632519004746,0.2,0.3,0.5
0.12604186662974298,0.0028674519270094263,1.2181350810940503,0.2,0.3,0.5
0.10179003238999164,0.04440304212986435,2.162743609238124,0.2,0.3,0.5
0.113682097969447,0.01589818589438573,2.101209749362467,0.2,0.3,0.5
0.11380606209584161,0.07410764017302716,2.2527920472416785,0.2,0.3,0.5
0.12049588038059517,0.011280424301618847,0.9606396749961466,0.2,0.3,0.5
0.11462397396505232,0.013011809884640079,1.0843840634459014,0.2,0.3,0.5
0.10699615339724018,0.05477958679399831,1.1249178189383533,0.2,0.3,0.5
0.17913773515446835,0.06451254965778429,1.219006808674878,0.2,0.3,0.5
0.1316921447593235,0.007304725022511944,1.7789059187246354,0.2,0.4,0.4
0.12035561924816822,0.035348692173034366,1.828093904899403,0.2,0.4,0.4
0.14102481511120138,0.008692663295454945,1.709322594060077,0.2,0.4,0.4
0.11968723508993558,0.011390949643394061,1.3184925530788063,0.2,0.4,0.4
0.12508219852266378,0.0017605465257677037,1.843437323400123,0.2,0.4,0.4
0.10640773699878328,0.0048520451831929904,1.387693622631212,0.2,0.4,0.4
0.11555625980370163,0.010541794810451224,1.1130410478378652,0.2,0.4,0.4
0.1094369574015265,0.008672622360274555,1.3744429080275697,0.2,0.4,0.4
0.11203501672402327,0.01882132716832499,1.2489789836991658,0.2,0.4,0.4
0.1161914103328281,0.007867196345551839,1.2778072655211479,0.2,0.4,0.4
0.12579932283445247,0.018702009232114642,2.1552566872703576,0.2,0.5,0.30000000000000004
0.13322138296837868,0.004098537225384951,1.7292214308360312,0.2,0.5,0.30000000000000004
0.12322462691617403,0.011235548356415359,1.106144707415319,0.2,0.5,0.30000000000000004
0.12520870811103113,0.007489579849357321,2.027126993440957,0.2,0.5,0.30000000000000004
0.10923635264929071,0.014170958420746215,1.655908025787788,0.2,0.5,0.30000000000000004
0.12391357549533327,0.004423059712858952,1.1757879690416297,0.2,0.5,0.30000000000000004
0.13023593402008526,0.0032932529875148602,1.0611868609565194,0.2,0.5,0.30000000000000004
0.11414786812285849,0.010520126222595363,1.300033255315601,0.2,0.5,0.30000000000000004
0.11694863305500261,0.01220920242069123,1.5556377021786945,0.2,0.5,0.30000000000000004
0.11967081485248808,0.004460158797775469,1.5152011071706448,0.2,0.5,0.30000000000000004
0.09627241169422819,0.007317145530627059,0.9550351881133546,0.2,0.6,0.20000000000000007
0.10915065092039951,0.01741346583167295,1.4509316749390972,0.2,0.6,0.20000000000000007
0.09969635626088703,0.0029641944880475207,1.2244975365426256,0.2,0.6,0.20000000000000007
0.114355712152036,0.01217932359334677,2.1034880292996077,0.2,0.6,0.20000000000000007
0.11182428005124796,0.005196016522859576,2.017345516725123,0.2,0.6,0.20000000000000007
0.10936868299147778,0.008346186394760332,1.8311459689564245,0.2,0.6,0.20000000000000007
0.11036916355497677,0.002515471336275066,0.9638138050889425,0.2,0.6,0.20000000000000007
0.1025865710795361,0.0015595788630733507,1.6248498725336702,0.2,0.6,0.20000000000000007
0.1145244756716186,0.008797572304887627,2.1015622245244256,0.2,0.6,0.20000000000000007
0.10425564998836279,0.009730430995562743,1.3296987551328296,0.2,0.6,0.20000000000000007
0.10195384763886349,0.007684034419411084,2.095656201045311,0.2,0.7,0.10000000000000009
0.10392067594929312,0.002668899035052257,1.8384936798471287,0.2,0.7,0.10000000000000009
0.10344684149061321,0.0037292820740641745,1.6437311902416685,0.2,0.7,0.10000000000000009
0.1055102596117349,0.0060448568410404295,2.0400081313979213,0.2,0.7,0.10000000000000009
0.102088352240918,0.004355751928964039,1.6490110951242158,0.2,0.7,0.10000000000000009
0.10719225188463864,0.007143749836882633,1.6214496698063339,0.2,0.7,0.10000000000000009
0.10686464743774475,0.00534629962905552,1.7749712326642368,0.2,0.7,0.10000000000000009
0.09771880142775308,0.003756695070334332,1.160857642609346,0.2,0.7,0.10000000000000009
0.10272603401171415,0.004290087205077853,1.7443967960209352,0.2,0.7,0.10000000000000009
0.10564940559941054,0.004907536673931479,1.7752653622733368,0.2,0.7,0.10000000000000009
0.09505131709472514,0.0022682012510481216,2.292288617475733,0.2,0.8,0.0
0.10740789700721629,0.003452886672992597,2.652048122139493,0.2,0.8,0.0
0.09638259851690345,0.0025499369006874184,2.3109571331725336,0.2,0.8,0.0
0.09609507433885565,0.002455167707245337,2.2975555341687772,0.2,0.8,0.0
0.09897025163567547,0.002925798629912398,2.3661701843940417,0.2,0.8,0.0
0.09505128330561927,0.002267319401337865,2.2386893579319427,0.2,0.8,0.0
0.09505131895633047,0.0022671676516225862,2.2324287684143336,0.2,0.8,0.0
0.10081519813898351,0.003203005517152017,2.2610544651382005,0.2,0.8,0.0
0.0966496257664147,0.0026547659905832473,2.304098992839091,0.2,0.8,0.0
0.09505031989278577,0.0022677481704591086,2.260425600286401,0.2,0.8,0.0
0.06497676260536542,0.5055871246409386,1.074561609655741,0.3,0.0,0.7
0.11013688178033224,2.122849772985337,1.12320388988062,0.3,0.0,0.7
0.07658158037359095,2.1028487935150375,1.6083529486800745,0.3,0.0,0.7
0.10116585662980637,3.314349399886347,1.1077160658770835,0.3,0.0,0.7
0.05490682762700461,1.486138510118175,1.4111617400269088,0.3,0.0,0.7
0.08089646795417066,2.1673281906159008,1.5264105117882834,0.3,0.0,0.7
0.0872217851057258,0.764392715425903,1.265121315368844,0.3,0.0,0.7
0.07925827829651746,0.46840511200340995,1.0908367273242945,0.3,0.0,0.7
0.09299299488802237,0.11491820185929694,1.581215335591123,0.3,0.0,0.7
0.10802372449729537,1.4998742324297358,1.1103038459829486,0.3,0.0,0.7
0.06539426250658026,0.3111301113287937,1.1093149027124642,0.3,0.1,0.6
0.08108533059580283,0.12046405577358166,1.5650552656117374,0.3,0.1,0.6
0.07648240044001914,0.42119365206648285,1.400969118624673,0.3,0.1,0.6
0.10840525994204785,0.0016660694477994063,1.6488395571892256,0.3,0.1,0.6
0.06649503358095259,0.22400687926329327,1.338591766530694,0.3,0.1,0.6
0.08532098297383743,0.24517579496854608,0.7143260122753113,0.3,0.1,0.6
0.06291119596000483,0.2592294828709461,1.4594705389378142,0.3,0.1,0.6
0.08760064209780477,0.2944747505884205,1.0292008965801083,0.3,0.1,0.6
0.08256577572592769,0.1785323146430513,1.3437350418384408,0.3,0.1,0.6
0.07201155926943305,0.7485673297867684,1.8477996076679788,0.3,0.1,0.6
0.103622538791826,0.16451267660222677,1.3585114432111443,0.3,0.2,0.49999999999999994
0.08282852842578581,0.124771255458546,1.1238192414178083,0.3,0.2,0.49999999999999994
0.11927718524931284,0.05652716453535099,1.4808052399897838,0.3,0.2,0.49999999999999994
0.09646844375790635,0.11660872861394879,1.0793926915228809,0.3,0.2,0.49999999999999994
0.08872298810031375,0.12848915414738954,1.8379257118793646,0.3,0.2,0.49999999999999994
0.07366179527789753,0.1689312482522259,1.5028395843896396,0.3,0.2,0.49999999999999994
0.09342914048299686,0.039869754169801604,2.20700705845084,0.3,0.2,0.49999999999999994
0.07034374514420631,0.3214440522933537,1.225412116879931,0.3,0.2,0.49999999999999994
0.11116665622410525,0.046959739935053285,0.8815147195215876,0.3,0.2,0.49999999999999994
0.09764379790843687,0.08552328505163946,1.2045124582662134,0.3,0.2,0.49999999999999994
0.10794258462223327,0.0604717794045759,1.439604947732509,0.3,0.3,0.39999999999999997
0.09440297988156683,0.10376019912011392,1.4506673495453764,0.3,0.3,0.39999999999999997
0.10543831312081606,0.04661358866210946,1.4484037668489984,0.3,0.3,0.39999999999999997
0.08614311520352849,0.07221951664246652,2.054031414315473,0.3,0.3,0.39999999999999997
0.10679657442176442,0.032698394626113673,1.5225251333923115,0.3,0.3,0.39999999999999997
0.09845749581703628,0.081912816769493,1.2694741715699116,0.3,0.3,0.39999999999999997
0.10763947257713456,0.01860038856402576,1.8462467799212712,0.3,0.3,0.39999999999999997
0.09656926784717705,0.041001864891445576,2.112452699509362,0.3,0.3,0.39999999999999997
0.10262293791393354,0.0594901330716543,1.242408273229916,0.3,0.3,0.39999999999999997
0.09740851217910185,0.06681028586104143,1.7186941150492958,0.3,0.3,0.39999999999999997
0.12693952670279407,0.014908050289978375,1.7846806180603507,0.3,0.4,0.29999999999999993
0.09028952569239541,0.02895724458326319,1.3201191950366367,0.3,0.4,0.29999999999999993
0.132461635468981,0.01786515799103939,2.0532078606649615,0.3,0.4,0.29999999999999993
0.09772228314950165,0.011000684063647603,2.1780289120917797,0.3,0.4,0.29999999999999993
0.10095012726609971,0.03471118047787263,1.5539866074432818,0.3,0.4,0.29999999999999993
0.09217918970939727,0.025692202516276835,1.7593387862867738,0.3,0.4,0.29999999999999993
0.09463587513614015,0.02337668045043245,1.9752981768282134,0.3,0.4,0.29999999999999993
0.10748416440065188,0.01657888747005687,1.7491409908963456,0.3,0.4,0.29999999999999993
0.1092613323123344,0.011517550552036454,1.4189959265416945,0.3,0.4,0.29999999999999993
0.11016439575143926,0.03413040173255388,0.9864891683522915,0.3,0.4,0.29999999999999993
0.10162603951522127,0.012976191032150534,1.7940707539119443,0.3,0.5,0.19999999999999996
0.10987787912973956,0.01780440131487917,1.5455889115099672,0.3,0.5,0.19999999999999996
0.11250672942805605,0.022006932233442678,2.158162627735786,0.3,0.5,0.19999999999999996
0.1019506616774647,0.016297568055854753,2.1695771752423982,0.3,0.5,0.19999999999999996
0.09187055965866643,0.02340983233749066,0.7466003208106037,0.3,0.5,0.19999999999999996
0.10621444652442003,0.020645629800566636,2.2970557020602103,0.3,0.5,0.19999999999999996
0.1025739632128958,0.00824787183201975,1.7229682914401863,0.3,0.5,0.19999999999999996
0.09751462414963025,0.013298375640657514,1.2102321070440751,0.3,0.5,0.19999999999999996
0.09400781693463471,0.01711444534264558,1.2968988853312875,0.3,0.5,0.19999999999999996
0.11320744487337371,0.009622468247006627,2.066060750537824,0.3,0.5,0.19999999999999996
0.09056886939086518,0.011280799364002848,1.3052457722949475,0.3,0.6,0.09999999999999998
0.10324448756057483,0.006945001429986509,2.017426901852958,0.3,0.6,0.09999999999999998
0.09931185451190783,0.012531121093682006,1.9964251012006748,0.3,0.6,0.09999999999999998
0.09491606256427654,0.011457489293482715,1.587293136261034,0.3,0.6,0.09999999999999998
0.09315656777360878,0.010199335252875528,1.5655721229439852,0.3,0.6,0.09999999999999998
0.0954990502881624,0.014172396651123853,1.5449491642610709,0.3,0.6,0.09999999999999998
0.10439848133508547,0.007022137768919438,2.1652212168922853,0.3,0.6,0.09999999999999998
0.09373113457160942,0.009656403410292485,1.5090463133960106,0.3,0.6,0.09999999999999998
0.09143617552226449,0.011048477259417674,1.8227801580348688,0.3,0.6,0.09999999999999998
0.09578526474557275,0.011226962492515386,1.6113626501879772,0.3,0.6,0.09999999999999998
0.09180369094637099,0.006233097713810141,2.2282255043610824,0.3,0.7,0.0
0.09597721751130088,0.008477849271439979,2.5518993296902495,0.3,0.7,0.0
0.10281180067439333,0.004517315820673032,2.349920433985343,0.3,0.7,0.0
0.0918095828032672,0.006232466446223015,2.282529462706768,0.3,0.7,0.0
0.09180538613638155,0.006231804900908912,2.2788498737386833,0.3,0.7,0.0
0.09180424199963215,0.006232838922314614,2.262750164517683,0.3,0.7,0.0
0.09180306497146312,0.006233128984708094,2.2335462720197596,0.3,0.7,0.0
0.09180486777166051,0.006232194135894895,2.227649089107582,0.3,0.7,0.0
0.09673541969925074,0.00848016825918513,2.445502136536823,0.3,0.7,0.0
0.10203890027077894,0.012519830866853505,2.681142325983669,0.3,0.7,0.0
0.03792191981798898,1.1483975581374053,1.2594636835202906,0.4,0.0,0.6
0.029630552279288618,1.3283620943969476,1.4581446292634537,0.4,0.0,0.6
0.04143392479810738,1.857344418218842,1.5831448817323894,0.4,0.0,0.6
0.02990569227169552,0.9532771203401199,1.1750084424593226,0.4,0.0,0.6
0.085462952531114,0.5404410635001528,1.3430991433237567,0.4,0.0,0.6
0.06830995463344552,0.6396365295111005,1.8075048470908213,0.4,0.0,0.6
0.043129652868277565,1.601561745368413,1.7678678306396438,0.4,0.0,0.6
0.048124870201831496,1.3106830321867033,1.098240831091203,0.4,0.0,0.6
0.042606030215710834,2.4481969130398493,1.1562366726876596,0.4,0.0,0.6
0.0800058437261263,0.539450269017241,1.620119626504188,0.4,0.0,0.6
0.07183296073733117,0.19958828823464037,1.0855908438168673,0.4,0.1,0.5
0.03546326714266451,0.6871253604286119,1.406677972517156,0.4,0.1,0.5
0.07533420488159806,0.1562890875255585,2.0203997118975994,0.4,0.1,0.5
0.07053355689644375,0.5875899217736424,1.2773074702722582,0.4,0.1,0.5
0.06122917140453924,0.1946770183260806,1.6831083396234923,0.4,0.1,0.5
0.08848972840504482,0.16846771996776047,1.9380482607188945,0.4,0.1,0.5
0.03397377210880886,0.6387645500425492,1.2682684881424175,0.4,0.1,0.5
0.06713542758982136,0.2899804927379997,1.0631605144378045,0.4,0.1,0.5
0.06973560613511448,0.3536370945680449,1.3898174498012585,0.4,0.1,0.5
0.06309095176862012,0.27379161920721795,1.435923570147345,0.4,0.1,0.5
0.09741926920098597,0.026243167373709193,1.876228373242983,0.4,0.2,0.39999999999999997
0.07492048883080976,0.10740581859251748,1.5435550597109378,0.4,0.2,0.39999999999999997
0.10276428868297363,0.06711565570316863,1.8722290020839483,0.4,0.2,0.39999999999999997
0.09068411162184965,0.09299594654667206,1.6898802488482472,0.4,0.2,0.39999999999999997
0.07372498792710916,0.10929782809765196,1.7249889067513113,0.4,0.2,0.39999999999999997
0.0803285659462787,0.16897428690928912,1.0492363595425112,0.4,0.2,0.39999999999999997
0.09594112429463275,0.10815569317854172,1.721319916238231,0.4,0.2,0.39999999999999997
0.08062594768474604,0.17093645209823036,2.015239956756664,0.4,0.2,0.39999999999999997
0.0766479189683746,0.22504368072100944,1.422034986027494,0.4,0.2,0.39999999999999997
0.10522737452803882,0.08141248899266905,1.6885159851616967,0.4,0.2,0.39999999999999997
0.1098924655006345,0.04614506492835434,2.0399833522380915,0.4,0.3,0.3
0.09429600028308065,0.048709246236539855,2.0269519653313006,0.4,0.3,0.3
0.07887898522390985,0.0856166701009418,1.940737655479413,0.4,0.3,0.3
0.08332850704585444,0.08196311968477342,1.2126993783693538,0.4,0.3,0.3
0.09684937385036212,0.036364095811059656,1.8395931675415311,0.4,0.3,0.3
0.0943520875325898,0.02104273814121077,1.9309504696945425,0.4,0.3,0.3
0.0856947533974504,0.06368298459109042,2.1272745120415784,0.4,0.3,0.3
0.09339263725998481,0.1290319294351219,1.7328809316036689,0.4,0.3,0.3
0.09848544383472269,0.04445960304305756,1.3975246717090313,0.4,0.3,0.3
0.10543317108633353,0.023358995536167174,2.389407981212814,0.4,0.3,0.3
0.08628050020636947,0.04676954634444407,1.3809944084604466,0.4,0.4,0.19999999999999996
0.09854095202681672,0.026842423673933097,1.6981213099446868,0.4,0.4,0.19999999999999996
0.09553974982849331,0.04541855571104488,1.562007012730565,0.4,0.4,0.19999999999999996
0.08597967834006377,0.03742528657544546,1.710315275729722,0.4,0.4,0.19999999999999996
0.10525952918837485,0.014174735367371861,2.0031049653859028,0.4,0.4,0.19999999999999996
0.08367533157563643,0.05105200994315781,1.3474968881562086,0.4,0.4,0.19999999999999996
0.09655279563705232,0.009958209631310411,2.727520932114863,0.4,0.4,0.19999999999999996
0.10041393607589442,0.019527913758443195,1.855943626298155,0.4,0.4,0.19999999999999996
0.08816143791289158,0.0525300721575847,1.6926767672814136,0.4,0.4,0.19999999999999996
0.08504798562125254,0.050077010183579455,1.5401295947589204,0.4,0.4,0.19999999999999996
0.09465070032318598,0.01795693575355833,2.186760472174947,0.4,0.5,0.09999999999999998
0.09899056648529682,0.013945127187017863,2.246851939252741,0.4,0.5,0.09999999999999998
0.08571438906384604,0.02413299689711668,1.517015398948224,0.4,0.5,0.09999999999999998
0.08554755540994884,0.02593224091643323,1.7941759597236073,0.4,0.5,0.09999999999999998
0.09170570771336903,0.021448416611763523,1.9460556721302333,0.4,0.5,0.09999999999999998
0.08571531986391108,0.024132633475267704,1.4936953889904654,0.4,0.5,0.09999999999999998
0.08630072407168318,0.026699881185059525,1.6935941964005161,0.4,0.5,0.09999999999999998
0.09337977789311454,0.03951600527525454,1.9373422379935523,0.4,0.5,0.09999999999999998
0.09264648055072965,0.03569188270785889,2.054026150942099,0.4,0.5,0.09999999999999998
0.08571500957883182,0.02413074273691149,1.5042939163265137,0.4,0.5,0.09999999999999998
0.08780539585471815,0.013839933080663901,2.2782713034422373,0.4,0.6,0.0
0.08827260982171327,0.014413159679244033,2.2843160654415633,0.4,0.6,0.0
0.09140804410572646,0.012680784576389059,2.301919719966174,0.4,0.6,0.0
0.09388319076067445,0.013000866399174717,2.340248958799595,0.4,0.6,0.0
0.10464594891462413,0.012106443441604341,2.6108982071953446,0.4,0.6,0.0
0.09225053556612507,0.018945427835809815,2.420743974326036,0.4,0.6,0.0
0.08814177941898174,0.014237297390418251,2.2997140497724784,0.4,0.6,0.0
0.11124541222268225,0.007457658262074481,2.511171088895734,0.4,0.6,0.0
0.08780546985488812,0.013841190574071035,2.2279743164238175,0.4,0.6,0.0
0.0960557551208423,0.015421218953363498,2.614269488385091,0.4,0.6,0.0
0.04821926210295322,2.5742779993764873,1.1482822044487369,0.5,0.0,0.5
0.057010622127715974,0.7339047476080407,1.7360094826096328,0.5,0.0,0.5
0.041377812257827336,1.07248706036477,1.6963265041457978,0.5,0.0,0.5
0.03641729507972362,0.9118006007421416,1.6032539836104325,0.5,0.0,0.5
0.042360000970432285,1.190667036637546,1.4134340832577867,0.5,0.0,0.5
0.02821673614021394,1.1566852070430418,2.0538372108033474,0.5,0.0,0.5
0.0229965018203736,1.1723498450064573,1.439775564185798,0.5,0.0,0.5
0.03778198757227063,1.19742629690043,1.1473963044630373,0.5,0.0,0.5
0.04038008411031462,1.1376967091255017,1.4175233652799866,0.5,0.0,0.5
0.030777067672855936,0.8710723881880261,0.9465867882501884,0.5,0.0,0.5
0.0650795871899669,0.28802280470272723,1.840122189600728,0.5,0.1,0.4
0.05571779539695246,0.2717320551764291,1.7460240538509668,0.5,0.1,0.4
0.08509999905743054,0.29855302276576196,2.59417134804867,0.5,0.1,0.4
0.05966614712022308,0.36723249266688957,1.9937210175540108,0.5,0.1,0.4
0.07838473081033352,0.1079852285190102,2.143372905207472,0.5,0.1,0.4
0.07180944645022708,0.2005786202781928,2.4375552186494986,0.5,0.1,0.4
0.06045117532827199,0.3101227259018495,1.677422034263762,0.5,0.1,0.4
0.06511550206401198,0.24790050908396838,1.8448819653061752,0.5,0.1,0.4
0.06187372083653662,0.3077325174737731,0.9465071882032137,0.5,0.1,0.4
0.05854902544216753,0.2761759322133194,1.6133407521185703,0.5,0.1,0.4
0.07318738478689732,0.16372625120537346,1.0800869034024403,0.5,0.2,0.3
0.08551593467357319,0.11079494456364927,1.8303596147339505,0.5,0.2,0.3
0.07056634441668752,0.1324358590049289,2.2622943901784844,0.5,0.2,0.3
0.07275532888105626,0.12779313643835158,1.6946887977822467,0.5,0.2,0.3
0.07446756260008411,0.1355969572807394,1.7720711534527587,0.5,0.2,0.3
0.07819486170716879,0.07263789725100411,2.409275408677176,0.5,0.2,0.3
0.06485319454970637,0.2750265668136319,1.5721984092398125,0.5,0.2,0.3
0.08198242641443655,0.15331204264350323,2.0629623330932314,0.5,0.2,0.3
0.057969015820569784,0.24966901777853917,1.8138071519856742,0.5,0.2,0.3
0.07707592646234868,0.11298812738649949,2.101171083458353,0.5,0.2,0.3
0.07562436925334085,0.10007647360559199,2.043379661856731,0.5,0.3,0.2
0.07720310522551134,0.12670547207967908,1.670068861832144,0.5,0.3,0.2
0.08084392580725454,0.07917374827078767,1.3419370418148886,0.5,0.3,0.2
0.07828961774698669,0.1224753708237034,1.4839773217228613,0.5,0.3,0.2
0.07680097844485029,0.13017210902864088,1.6104416316280648,0.5,0.3,0.2
0.07529697983898953,0.11265258668975657,1.264895966385683,0.5,0.3,0.2
0.10742344609874549,0.04756393449148253,2.0767922248895827,0.5,0.3,0.2
0.08252293228112416,0.08921159447632017,1.9181582311152732,0.5,0.3,0.2
0.07477070604276233,0.09634059683248611,1.7401836793415777,0.5,0.3,0.2
0.07796944768360407,0.15137127430566386,1.575737335158001,0.5,0.3,0.2
0.07934386748184805,0.04848637031109207,1.6236136268740629,0.5,0.4,0.09999999999999998
0.07934343676808159,0.04847516630268638,1.6359626190497827,0.5,0.4,0.09999999999999998
0.09548551096381137,0.032913691478027696,1.9486699523311146,0.5,0.4,0.09999999999999998
0.08463211039167695,0.04118816005018024,2.0254601782670916,0.5,0.4,0.09999999999999998
0.08008071227929602,0.05429778372094555,1.6981314367384797,0.5,0.4,0.09999999999999998
0.07934046677846439,0.04848808882521725,1.5661118891492753,0.5,0.4,0.09999999999999998
0.07952901567999142,0.04990049160163636,1.6570946657320478,0.5,0.4,0.09999999999999998
0.08264458948260281,0.052104563581918215,1.8786744379921632,0.5,0.4,0.09999999999999998
0.08289123284300358,0.057089308893806756,2.2694408977409433,0.5,0.4,0.09999999999999998
0.08171570705862816,0.05494587201899519,2.101504180649413,0.5,0.4,0.09999999999999998
0.08276072941123258,0.027774762745600576,2.2049456998996515,0.5,0.5,0.0
0.10951427041998564,0.021681689960245738,2.535705979386498,0.5,0.5,0.0
0.07900087738066684,0.0394167147875368,2.4461467811504,0.5,0.5,0.0
0.08391614852450542,0.0312612264159291,2.33319289943981,0.5,0.5,0.0
0.08811047354255555,0.039876072824630765,2.4882128994507653,0.5,0.5,0.0
0.08282903979071238,0.027992577095209758,2.2686816302622006,0.5,0.5,0.0
0.08312602335346446,0.029101019048552165,2.2388448137816006,0.5,0.5,0.0
0.08495458306664021,0.03410386678478368,2.3925520630584183,0.5,0.5,0.0
0.0868659593433203,0.025723064671357106,2.4040793953980804,0.5,0.5,0.0
0.08983466038377162,0.032499412935919555,2.4192893274143175,0.5,0.5,0.0
0.040611167103106645,1.9415216832285929,1.2963262804291342,0.6,0.0,0.4
0.007670112431214733,1.1905308434389035,1.544888297042358,0.6,0.0,0.4
0.024081518547835364,0.9491345774242202,1.923789508491608,0.6,0.0,0.4
0.013954862608319176,1.526096017856557,1.2170419049221284,0.6,0.0,0.4
0.035129903508095355,0.743617748344407,1.8378534781461613,0.6,0.0,0.4
0.03834271139560131,0.7996971622905404,1.8480034256502476,0.6,0.0,0.4
0.026154068332707576,1.3111980601058295,1.6667135755641074,0.6,0.0,0.4
0.025134287691920436,0.7296042795732841,1.4810346099766176,0.6,0.0,0.4
0.042601295792037384,2.2384096676401026,1.289080164556137,0.6,0.0,0.4
0.03550769119230905,0.636231163917889,1.52676278037221,0.6,0.0,0.4
0.04273716605696574,0.5183352783029147,1.3002815337897144,0.6,0.1,0.30000000000000004
0.06604261303017524,0.20079660322523166,2.3638295565643097,0.6,0.1,0.30000000000000004
0.0649346308492036,0.21239008123588743,1.8450658671516158,0.6,0.1,0.30000000000000004
0.05508862173385855,0.3694347519771308,2.0730884823150237,0.6,0.1,0.30000000000000004
0.03243145943075619,0.4785232647874293,2.2905059156129286,0.6,0.1,0.30000000000000004
0.04805077359358704,0.32567319738236894,1.7315311527766106,0.6,0.1,0.30000000000000004
0.04327050760068016,0.3894893266973713,1.785136519845502,0.6,0.1,0.30000000000000004
0.08041869721980226,0.17690942437847706,2.4317177863254087,0.6,0.1,0.30000000000000004
0.05306050355180611,0.4369950694488475,1.6466043029389128,0.6,0.1,0.30000000000000004
0.05429166385838302,0.3803297490293467,1.7653686329058458,0.6,0.1,0.30000000000000004
0.06838801931142416,0.14696993558789562,2.8130244451107673,0.6,0.2,0.2
0.06162882266767324,0.2087847238506994,1.4517814632666395,0.6,0.2,0.2
0.07176776215615949,0.20607327903680164,2.690881432031188,0.6,0.2,0.2
0.0621865195136589,0.20259582849432853,1.2842196036103426,0.6,0.2,0.2
0.07430956595712282,0.12716617747065534,2.242635328412609,0.6,0.2,0.2
0.059846946139284145,0.1864212220437606,1.9956889275200214,0.6,0.2,0.2
0.08493120590727428,0.09628674154885224,2.5885466332381126,0.6,0.2,0.2
0.0729525507360475,0.2145276513504649,2.6449022073281703,0.6,0.2,0.2
0.07087994317433743,0.15776538082081565,1.5616766397844541,0.6,0.2,0.2
0.06318403683987835,0.16992019457432675,2.149447755591414,0.6,0.2,0.2
0.07058965724026424,0.09594996305397799,1.6972538536781268,0.6,0.3,0.10000000000000003
0.07067538168099319,0.10215785346611661,1.7576263174267477,0.6,0.3,0.10000000000000003
0.07306530766051227,0.09374678378041268,2.1551819184524685,0.6,0.3,0.10000000000000003
0.0718649546717976,0.09947254183553714,2.0444105827165187,0.6,0.3,0.10000000000000003
0.07182326568401008,0.12174118516542802,1.7988449611578576,0.6,0.3,0.10000000000000003
0.07856983460875046,0.09335499103261481,2.2765219003929387,0.6,0.3,0.10000000000000003
0.10492244321424063,0.06070826368180924,2.3537099134062633,0.6,0.3,0.10000000000000003
0.08625040219082088,0.081711815556093,2.5457756446302056,0.6,0.3,0.10000000000000003
0.08223349582190113,0.06126579507740404,2.220902372708344,0.6,0.3,0.10000000000000003
0.07796264903675332,0.067402558844846,2.2046465821170256,0.6,0.3,0.10000000000000003
0.07619111971652906,0.05325556782932968,2.2029455732800183,0.6,0.4,0.0
0.09139712946829687,0.04408332834610585,2.647006750739682,0.6,0.4,0.0
0.07619189370625318,0.05325075100030847,2.207849377525396,0.6,0.4,0.0
0.0767953542696056,0.059577624935449665,2.2613309415569356,0.6,0.4,0.0
0.07619128050628375,0.05325422011881329,2.1727390924529026,0.6,0.4,0.0
0.07619116163970548,0.05325560551962229,2.207532865696899,0.6,0.4,0.0
0.0780187329854889,0.07518229568509918,2.411705126425162,0.6,0.4,0.0
0.07657452257202044,0.05856454215622546,2.276945430011708,0.6,0.4,0.0
0.08174014487378094,0.07864860876534656,2.776891255358187,0.6,0.4,0.0
0.09020988001168301,0.05978843407271642,2.5879084711083844,0.6,0.4,0.0
0.02380916989298211,1.5425978157275817,1.6727111832329618,0.7,0.0,0.30000000000000004
0.03097233031389164,0.6435658262668493,2.417891273461857,0.7,0.0,0.30000000000000004
0.04183893876938804,0.767569371544621,1.9286944362727667,0.7,0.0,0.30000000000000004
0.03384213162479757,0.9037256756634562,1.781828922274181,0.7,0.0,0.30000000000000004
0.04407267835856841,1.5683519460268278,2.4523680548724935,0.7,0.0,0.30000000000000004
0.01652597431321392,1.63300190147123,1.2717155624522936,0.7,0.0,0.30000000000000004
0.030277922682264802,1.0212579257805106,1.6808877858755003,0.7,0.0,0.30000000000000004
0.025381600220581883,1.1982210165329041,2.12973354916091,0.7,0.0,0.30000000000000004
0.036821288200561304,1.1659767500668128,1.8464574648172194,0.7,0.0,0.30000000000000004
0.02349589211722508,1.7664172088590755,1.1936671327381516,0.7,0.0,0.30000000000000004
0.03904765782869181,0.48349698106435857,1.4301909580988978,0.7,0.1,0.20000000000000004
0.04970990771132154,0.3244655705915635,1.9108079493857542,0.7,0.1,0.20000000000000004
0.04156908029370986,0.43982450360015435,1.4343008781984403,0.7,0.1,0.20000000000000004
0.04497527020878852,0.4043343854806798,1.7603555105829782,0.7,0.1,0.20000000000000004
0.04269548549661244,0.4168736327409356,1.3801230177197386,0.7,0.1,0.20000000000000004
0.04457867151893755,0.3603176914438164,1.885922574164561,0.7,0.1,0.20000000000000004
0.03977635352791129,0.4773855467641672,1.479451105444672,0.7,0.1,0.20000000000000004
0.039444782459514154,0.47311313323246024,1.413721619378158,0.7,0.1,0.20000000000000004
0.047803722069059175,0.4135203700297872,1.5442267015273008,0.7,0.1,0.20000000000000004
0.042520633866031235,0.4178919384405909,1.5384884175694322,0.7,0.1,0.20000000000000004
0.05783322052716343,0.19489291923690755,1.7203276174468745,0.7,0.2,0.10000000000000003
0.0587388397426954,0.18758069037045108,1.948890815549703,0.7,0.2,0.10000000000000003
0.06394091448666746,0.1680616861079908,1.9669054856613624,0.7,0.2,0.10000000000000003
0.05644317788396466,0.2631560596917795,1.9258400560671862,0.7,0.2,0.10000000000000003
0.07458432910482907,0.0798500841712351,2.579889476521826,0.7,0.2,0.10000000000000003
0.05741038454968711,0.2114021153321751,1.8942794162654322,0.7,0.2,0.10000000000000003
0.04069773181287573,0.33288173442366864,2.309887202180789,0.7,0.2,0.10000000000000003
0.05783225250369339,0.19489432398506254,1.6863760182136087,0.7,0.2,0.10000000000000003
0.06314822535279833,0.16099795058936098,2.146670686459538,0.7,0.2,0.10000000000000003
0.05380423665134232,0.29545224095228834,2.032843407198506,0.7,0.2,0.10000000000000003
0.0726933519466864,0.09145686613700552,2.1958029052989194,0.7,0.30000000000000004,0.0
0.06724196396098328,0.10836490900526662,2.272177415082968,0.7,0.30000000000000004,0.0
0.0672900884676492,0.10123973957034037,2.178651779277735,0.7,0.30000000000000004,0.0
0.06420773645713468,0.13697854205225501,2.360972101402653,0.7,0.30000000000000004,0.0
0.06740898588868047,0.11833719328078082,2.299691555093948,0.7,0.30000000000000004,0.0
0.07184798475008303,0.09262484152433961,2.236258372933955,0.7,0.30000000000000004,0.0
0.06729290304163403,0.10123485993471801,2.2498388782879406,0.7,0.30000000000000004,0.0
0.0719265372784723,0.16340684798446092,2.5071211397996467,0.7,0.30000000000000004,0.0
0.06444455392488639,0.11886794569775078,2.327863918552321,0.7,0.30000000000000004,0.0
0.06729020991908169,0.10124025423580853,2.177823358174344,0.7,0.30000000000000004,0.0
0.021979953031146575,0.950845586034602,1.4892391638021416,0.8,0.0,0.19999999999999996
0.003642681211809844,1.092655551743588,1.6439685204501309,0.8,0.0,0.19999999999999996
0.050900725814189765,0.6126877101269012,2.017406919482753,0.8,0.0,0.19999999999999996
0.04208013648426812,1.2002424150616995,2.901211635733966,0.8,0.0,0.19999999999999996
0.005054094248893839,1.209542321323338,1.5252831680196175,0.8,0.0,0.19999999999999996
0.04458200783868771,0.6160283393478435,2.643420286251563,0.8,0.0,0.19999999999999996
3.354932964339094e-6,1.268452073410838,1.2825010280381632,0.8,0.0,0.19999999999999996
0.002954721776964389,1.142779692173731,1.4876606055875181,0.8,0.0,0.19999999999999996
0.0018361330485460435,1.2089031379419624,1.3576222928530397,0.8,0.0,0.19999999999999996
0.013617896972144139,1.2587315132741557,1.8725567508903154,0.8,0.0,0.19999999999999996
0.06527232458380745,0.30598496962682475,2.103396869362968,0.8,0.1,0.09999999999999995
0.03539120636082566,0.4793094519255525,1.8302925497640823,0.8,0.1,0.09999999999999995
0.045181269020857784,0.3758964506585588,1.890245285404091,0.8,0.1,0.09999999999999995
0.04116004115280943,0.6644499330319066,2.1286567038256847,0.8,0.1,0.09999999999999995
0.06900169606806668,0.2180250577941402,2.016126368805793,0.8,0.1,0.09999999999999995
0.036245036359971256,0.41307718609120475,2.5131894910184873,0.8,0.1,0.09999999999999995
0.052541443065215264,0.3378770129200875,1.801309332034254,0.8,0.1,0.09999999999999995
0.03923164286482154,0.6433052518389883,2.0252956702757055,0.8,0.1,0.09999999999999995
0.03899581351904277,0.407916892371709,2.133778111342166,0.8,0.1,0.09999999999999995
0.05919694177713171,0.46525429019044784,2.3309366424219125,0.8,0.1,0.09999999999999995
0.04706395432769027,0.41422647059307227,3.2043505506266854,0.9,0.0,0.09999999999999998
0.006806891947220542,1.173579723134127,1.8026934358202844,0.9,0.0,0.09999999999999998
0.007790810313276128,1.010407752288214,1.8150843942539359,0.9,0.0,0.09999999999999998
0.0015766909893612491,1.117989523683934,1.7269962729575834,0.9,0.0,0.09999999999999998
0.030371529697068668,0.6953006107911675,2.0290644892924914,0.9,0.0,0.09999999999999998
0.03598964107992261,0.7262386905683805,2.5140671440338953,0.9,0.0,0.09999999999999998
0.024564714418218336,0.7585196388705603,2.3836597509587105,0.9,0.0,0.09999999999999998
0.023479505686169695,0.7922742655829215,1.9536580770327263,0.9,0.0,0.09999999999999998
0.001962026626009891,1.0874086160812757,1.7757220974715267,0.9,0.0,0.09999999999999998
0.008359441335025438,1.0743800116351314,2.108642224755837,0.9,0.0,0.09999999999999998
0.028601151846181127,0.6063434949953624,2.458828273466653,1.0,0.0,0.0
6.0854903977712415e-6,0.9999244058580613,2.1267462762253744,1.0,0.0,0.0
0.008750634202196584,0.8947568964499878,2.1272387599746003,1.0,0.0,0.0
0.016932176272327154,0.8110925335738036,2.6389933733285864,1.0,0.0,0.0
7.813029717332602e-7,1.0000121597652698,2.086563481278436,1.0,0.0,0.0
0.02420288060899984,0.7573594498312984,2.686422080699894,1.0,0.0,0.0
0.01723886475418843,0.732997769301276,2.678939894412373,1.0,0.0,0.0
0.04502972824143384,1.6038717847663675,2.427060927884116,1.0,0.0,0.0
0.05233605734943896,0.9382647944424438,2.7764428241902492,1.0,0.0,0.0
4.762580150357857e-7,0.9999963317850855,2.0659590266929335,1.0,0.0,0.0
